enc,train-cmplmnt-ntest_train-sbst-ntest,train_train,train-cmplmnt-ntest_test,train_test,union_test,sup_train_train,sup_train_test,agg_risk,approx,usability,probe_gen,enc_gen
barlow_rn50,25.391998887062073,6.45950138568878,,28.82199883460998,8.39800015091896,0.84508890286087,24.244000017642968,28.82199883460998,0.84508890286087,5.61441248282791,18.93249750137329,3.4299999475479055
barlow_rn50_ep300,26.357999444007866,3.26257236301898,29.690000414848328,29.631999135017388,,0.84508890286087,24.244000017642968,29.631999135017388,0.84508890286087,2.4174834601581097,23.095427080988888,3.2739996910095215
beit_vitb16_pt22k,52.587997913360596,42.06141829490661,57.392001152038574,57.194000482559204,,0.99651329219341,16.43799990415573,57.194000482559204,0.99651329219341,41.064905002713196,10.526579618453987,4.606002569198608
beit_vitl16_pt22k,42.46399998664856,28.50799262523651,43.76600086688995,43.54999959468841,,0.5525431130081401,15.88000059127807,43.54999959468841,0.5525431130081401,27.95544951222837,13.956007361412048,1.0859996080398489
beitv2_vitb16_pt1k,20.61000019311905,7.203822582960121,22.6840004324913,22.4820002913475,,0.99651329219341,16.43799990415573,22.4820002913475,0.99651329219341,6.207309290766711,13.406177610158927,1.872000098228451
beitv2_vitb16_pt1k_ep300,17.67999976873397,8.32085087895393,20.73999941349029,20.70599943399429,,0.99651329219341,16.43799990415573,20.70599943399429,0.99651329219341,7.32433758676052,9.359148889780041,3.0259996652603185
beitv2_vitb16_pt1k_extractb,18.6939999461174,1.38319199904799,21.33399993181228,21.23399972915649,,0.53825927898287,16.17199927568435,21.23399972915649,0.53825927898287,0.84493272006512,17.31080794706941,2.5399997830390895
beitv2_vitl16_pt1k,36.98599934577942,21.95240706205368,39.98399972915649,39.76599872112274,,0.5525431130081401,15.88000059127807,39.76599872112274,0.5525431130081401,21.39986394904554,15.033592283725739,2.7799993753433228
byol_rn50_augcrop,37.3879998922348,17.84482449293136,40.41799902915954,40.24800062179565,,0.84508890286087,24.244000017642968,40.24800062179565,0.84508890286087,16.99973559007049,19.543175399303443,2.860000729560845
byol_rn50_augcropblur,34.00799930095672,13.747388124465939,37.29400038719177,37.13999986648559,,0.84508890286087,24.244000017642968,37.13999986648559,0.84508890286087,12.90229922160507,20.26061117649078,3.1320005655288696
byol_rn50_augcropcolor,26.56199932098388,4.5828528702259,30.09600043296814,30.017998814582818,,0.84508890286087,24.244000017642968,30.017998814582818,0.84508890286087,3.73776396736503,21.97914645075798,3.455999493598938
byol_rn50_augnocolor,32.899999618530266,12.752202153205868,36.71599924564361,36.52800023555755,,0.84508890286087,24.244000017642968,36.52800023555755,0.84508890286087,11.907113250344999,20.1477974653244,3.6280006170272827
byol_rn50_augnogray,29.370000958442688,7.720538973808281,31.549999117851257,31.47000074386596,,0.84508890286087,24.244000017642968,31.47000074386596,0.84508890286087,6.8754500709474105,21.649461984634407,2.0999997854232717
byol_rn50_bs1024,25.48600137233734,3.51390577852726,28.58000099658966,28.510001301765442,,0.84508890286087,24.244000017642968,28.510001301765442,0.84508890286087,2.6688168756663897,21.97209559381008,3.0239999294281006
byol_rn50_bs128,27.764001488685608,10.06254479289054,30.713999271392822,30.62599897384643,,0.84508890286087,24.244000017642968,30.62599897384643,0.84508890286087,9.21745589002967,17.701456695795066,2.8619974851608205
byol_rn50_bs2048,25.387999415397637,3.56378220021724,,28.453999757766717,4.7699999064207,0.84508890286087,24.244000017642968,28.453999757766717,0.84508890286087,2.7186932973563698,21.824217215180397,3.0660003423690796
byol_rn50_bs256,25.854000449180596,3.61966863274574,,29.11199927330017,4.92600016295909,0.84508890286087,24.244000017642968,29.11199927330017,0.84508890286087,2.77457972988487,22.234331816434857,3.257998824119575
byol_rn50_bs4096,23.14800024032592,3.42742204666137,26.56799852848053,26.49999856948852,,0.84508890286087,24.244000017642968,26.49999856948852,0.84508890286087,2.5823331438004997,19.72057819366455,3.3519983291625977
byol_rn50_bs512,25.496000051498406,4.185949265956871,28.863999247550957,28.683999180793762,,0.84508890286087,24.244000017642968,28.683999180793762,0.84508890286087,3.3408603630960005,21.310050785541534,3.1879991292953562
byol_rn50_bs64,35.83000004291534,21.766093373298638,39.26999866962433,38.97800147533417,,0.84508890286087,24.244000017642968,38.97800147533417,0.84508890286087,20.92100447043777,14.0639066696167,3.1480014324188303
clip_rn101,22.63399958610534,2.3064129054546303,23.263999819755547,23.20600003004074,,0.71114851161837,22.93999940156936,23.20600003004074,0.71114851161837,1.5952643938362603,20.32758668065071,0.5720004439354014
clip_rn50,25.534000992774956,1.55553491786122,27.952000498771667,27.84999907016754,,0.84508890286087,24.244000017642968,27.84999907016754,0.84508890286087,0.7104460150003499,23.978466074913737,2.3159980773925852
clip_rn50x16,17.23999977111816,0.61795222572982,18.41000020503997,18.299999833106988,,0.0,0.0,18.299999833106988,0.0,0.61795222572982,16.62204754538834,1.060000061988827
clip_rn50x4,20.126000046730038,0.50001288764178,21.57599925994873,21.5159997344017,,0.0,0.0,21.5159997344017,0.0,0.50001288764178,19.625987159088258,1.3899996876716614
clip_rn50x64,14.98399972915649,0.49205138348042005,16.76200032234192,16.71800017356872,,0.0,0.0,16.71800017356872,0.0,0.49205138348042005,14.49194834567607,1.734000444412228
clip_vitb16,17.80800074338913,7.2945214807987195,20.103999972343438,20.08399963378906,,0.99651329219341,16.43799990415573,20.08399963378906,0.99651329219341,6.298008188605309,10.51347926259041,2.2759988903999293
clip_vitb32,21.79400026798248,8.660151064395901,,23.90200048685073,10.289999842643729,1.13154649734497,20.20400017499923,23.90200048685073,1.13154649734497,7.528604567050931,13.133849203586578,2.108000218868252
clip_vitl14,13.44199925661087,1.32106123492121,15.462000668048859,15.46400040388107,,0.5525431130081401,15.88000059127807,15.46400040388107,0.5525431130081401,0.76851812191307,12.12093802168966,2.022001147270199
clip_vitl14_px336,13.00799995660781,1.40801314264535,15.002000331878659,15.00999927520752,,0.5525431130081401,15.88000059127807,15.00999927520752,0.5525431130081401,0.8554700296372099,11.59998681396246,2.00199931859971
clusterfit_rn50,45.68800032138824,17.20681190490722,49.154001474380486,49.07000064849853,,0.84508890286087,24.244000017642968,49.07000064849853,0.84508890286087,16.36172300204635,28.481188416481018,3.3820003271102905
dc2_rn50_ep400_2x160_4x96,23.89599978923797,2.459710650146,27.08599865436554,26.98599994182586,,0.84508890286087,24.244000017642968,26.98599994182586,0.84508890286087,1.6146217472851299,21.43628913909197,3.0900001525878906
dc2_rn50_ep400_2x224,27.397999167442322,3.7193432450294397,30.63800036907196,30.546000599861138,,0.84508890286087,24.244000017642968,30.546000599861138,0.84508890286087,2.8742543421685696,23.678655922412883,3.148001432418816
dc2_rn50_ep800_2x224_6x96,22.4140003323555,1.11172078177332,26.23000144958496,26.0479986667633,,0.84508890286087,24.244000017642968,26.0479986667633,0.84508890286087,0.2666318789124499,21.302279550582178,3.6339983344077993
deepcluster_rn50_bs512_ep200_mmselfsup,33.79400074481964,13.51915895938873,35.58799922466278,35.514000058174126,,0.84508890286087,24.244000017642968,35.514000058174126,0.84508890286087,12.67407005652786,20.27484178543091,1.719999313354485
densecl_rn50_200ep_mmselfsup,35.569998621940606,16.12584441900253,38.58200013637543,38.56799900531769,,0.84508890286087,24.244000017642968,38.56799900531769,0.84508890286087,15.28075551614166,19.444154202938076,2.9980003833770823
dino_rn50,22.492000460624688,1.0717572644352902,25.95599889755249,25.828000903129578,,0.84508890286087,24.244000017642968,25.828000903129578,0.84508890286087,0.22666836157442016,21.420243196189396,3.33600044250489
dino_vitb16,19.38599944114685,1.60626992583274,22.7400004863739,22.76400029659271,,0.53825927898287,16.17199927568435,22.76400029659271,0.53825927898287,1.06801064684987,17.77972951531411,3.3780008554458583
dino_vitb16_extracts,19.0420001745224,0.81058908253908,23.68000000715255,23.57199937105178,,1.54765145853161,16.04599952697754,23.57199937105178,1.54765145853161,0.0,18.23141109198332,4.529999196529381
dino_vitb16_last,19.58999931812286,7.6843999326229095,23.183999955654137,23.09799939393997,,0.99651329219341,16.43799990415573,23.09799939393997,0.99651329219341,6.687886640429499,11.90559938549995,3.508000075817108
dino_vitb8,17.75200068950653,0.9986207820475099,20.87199985980987,20.88000029325485,,0.50852075219154,14.73000049591064,20.88000029325485,0.50852075219154,0.4901000298559699,16.75337990745902,3.127999603748318
dino_vitb8_last,17.58999973535537,5.75756318867206,21.512000262737267,21.41599953174591,,0.85874833166599,14.577999711036679,21.41599953174591,0.85874833166599,4.89881485700607,11.83243654668331,3.8259997963905406
dino_vits16,20.43800055980682,6.958968192338939,24.58200007677078,24.59799945354461,,0.96068661659955,19.24799978733062,24.59799945354461,0.96068661659955,5.998281575739389,13.47903236746788,4.159998893737789
dino_vits16_extractb,21.007999777793877,10.56653782725334,25.123998522758477,25.110000371932976,,,,25.110000371932976,,,10.441461950540537,4.102000594139099
dino_vits16_last,20.62799930572509,16.33518487215042,24.536000192165368,24.43999946117401,,,,24.43999946117401,,,4.292814433574669,3.8120001554489207
dino_vits8_last,17.9759994149208,13.526730239391322,21.88400030136108,21.79400026798248,,,,21.79400026798248,,,4.449269175529478,3.8180008530616796
dissl_resnet50_d4096_e100_m2,32.993999123573296,0.49064643681049,32.98799991607666,32.84600079059601,,0.84508890286087,24.244000017642968,32.84600079059601,0.84508890286087,0.0,32.5033526867628,0.0
dissl_resnet50_d8192_e100_m2,32.27599859237671,0.65588639117777,33.75599980354309,33.577999472618096,,0.84508890286087,24.244000017642968,33.577999472618096,0.84508890286087,0.0,31.62011220119894,1.302000880241387
dissl_resnet50_d8192_e400_m6,24.52799975872039,0.46379589475690997,28.492000699043267,28.34399938583374,,0.84508890286087,24.244000017642968,28.34399938583374,0.84508890286087,0.0,24.06420386396348,3.8159996271133494
dissl_resnet50_d8192_e800_m8,23.88000041246414,0.46348366886376996,28.137999773025513,28.00399959087372,,0.84508890286087,24.244000017642968,28.00399959087372,0.84508890286087,0.0,23.41651674360037,4.12399917840958
dissl_resnet50_dnone_e100_m2,31.04600012302398,3.5875886678695603,38.18399906158447,38.13799917697906,,0.84508890286087,24.244000017642968,38.13799917697906,0.84508890286087,2.74249976500869,27.45841145515442,7.091999053955078
dissl_resnet50_dnone_e100_m2_auglarge,33.5999995470047,6.85773193836212,34.74000096321106,34.58999991416931,,0.84508890286087,24.244000017642968,34.58999991416931,0.84508890286087,6.01264303550125,26.742267608642578,0.9900003671646118
dissl_resnet50_dnone_e100_m2_augsmall,32.32200145721435,4.75784949958324,34.63200032711029,34.56999957561493,,0.84508890286087,24.244000017642968,34.56999957561493,0.84508890286087,3.9127605967223698,27.564151957631108,2.247998118400581
dissl_resnet50_dnone_e100_m2_headtlinslin,30.82000017166137,5.29868453741073,33.89399945735931,33.83600115776062,,0.84508890286087,24.244000017642968,33.83600115776062,0.84508890286087,4.45359563454986,25.52131563425064,3.0160009860992503
dissl_resnet50_dnone_e100_m2_headtmlpsmlp,30.777999758720398,6.04230351746082,34.15000140666961,33.95799994468689,,0.84508890286087,24.244000017642968,33.95799994468689,0.84508890286087,5.19721461459995,24.73569624125958,3.1800001859664917
dissl_resnet50_dnone_e400_m2,26.493999361991882,5.78566268086433,30.19999861717224,30.048000812530518,,0.84508890286087,24.244000017642968,30.048000812530518,0.84508890286087,4.9405737780034595,20.70833668112755,3.5540014505386353
dissl_resnet50_dnone_e400_m6,25.464001297950738,1.2985817156732,,28.376001119613647,1.97199992835521,0.84508890286087,24.244000017642968,28.376001119613647,0.84508890286087,0.45349281281233,24.165419582277536,2.91199982166291
ibot_vitb16,18.74199956655502,6.1148937791585904,21.6399997472763,21.512000262737267,,0.99651329219341,16.43799990415573,21.512000262737267,0.99651329219341,5.11838048696518,12.62710578739643,2.7700006961822474
ibot_vitb16_extractb,17.715999484062188,1.2722775340080201,21.44200056791305,21.42000049352646,,0.53825927898287,16.17199927568435,21.42000049352646,0.53825927898287,0.7340182550251502,16.44372195005417,3.704001009464271
ibot_vitl16,17.013999819755547,2.44706589728593,19.92599964141845,19.913999736309048,,0.5525431130081401,15.88000059127807,19.913999736309048,0.5525431130081401,1.8945227842777896,14.566933922469618,2.899999916553501
ibot_vits16,20.38999944925308,15.875214338302609,23.25599938631057,23.12999963760376,,,,23.12999963760376,,,4.51478511095047,2.740000188350681
ibot_vits16_extracts,19.781999289989468,6.54559507966041,23.28999936580658,23.29200059175491,,0.96068661659955,19.24799978733062,23.29200059175491,0.96068661659955,5.58490846306086,13.236404210329058,3.510001301765442
infomin_rn50_200ep,30.45400083065033,7.19195827841758,31.37199878692627,31.21800124645233,,0.84508890286087,24.244000017642968,31.21800124645233,0.84508890286087,6.34686937555671,23.26204255223275,0.764000415802002
infomin_rn50_800ep,26.943999528884888,8.032442629337309,28.74400019645691,28.615999221801758,,0.84508890286087,24.244000017642968,28.615999221801758,0.84508890286087,7.187353726476439,18.911556899547577,1.6719996929168701
init_rn101,99.90000128746031,99.89774823188782,,99.90000128746031,,0.71114851161837,22.93999940156936,99.90000128746031,0.71114851161837,99.18659972026944,0.0022530555724955548,0.0
init_rn50,93.58599781990053,88.89036178588867,,94.12199854850768,,0.84508890286087,24.244000017642968,94.12199854850768,0.84508890286087,88.0452728830278,4.695636034011855,0.5360007286071493
init_rn50_d1024,95.09199857711792,92.0805037021637,,95.10800242424013,,0.84508890286087,24.244000017642968,95.10800242424013,0.84508890286087,91.23541479930283,3.0114948749542236,0.016003847122206594
init_rn50_d4096,93.51000189781188,85.84439158439636,,94.12599802017212,,0.84508890286087,24.244000017642968,94.12599802017212,0.84508890286087,84.9993026815355,7.665610313415513,0.6159961223602437
init_rn50_d512,95.45599818229677,93.98501515388487,,95.60800194740297,,0.84508890286087,24.244000017642968,95.60800194740297,0.84508890286087,93.13992625102401,1.4709830284118937,0.15200376510620117
init_rn50w2,92.30999946594238,81.68388605117798,,93.12400221824646,,0.7428383454680401,22.10199981927871,93.12400221824646,0.7428383454680401,80.94104770570993,10.626113414764404,0.8140027523040771
init_vitb16,93.01199913024902,90.0027871131897,,94.31999921798706,,0.99651329219341,16.43799990415573,94.31999921798706,0.99651329219341,89.00627382099628,3.009212017059326,1.308000087738037
init_vitb16_dino,91.34399890899658,84.75163578987122,,91.58999919891356,,0.53825927898287,16.17199927568435,91.58999919891356,0.53825927898287,84.21337651088835,6.592363119125366,0.24600028991697798
init_vitb16_dino_extracts,92.45200157165529,90.36402106285097,,92.81600117683412,,1.54765145853161,16.04599952697754,92.81600117683412,1.54765145853161,88.81636960431936,2.0879805088043213,0.363999605178833
init_vitb32,96.2000012397766,92.42799878120422,,95.86399793624878,,1.13154649734497,20.20400017499923,95.86399793624878,1.13154649734497,91.29645228385925,3.7720024585723735,0.0
init_vitb8,91.22200012207033,88.51664066314697,,91.8940007686615,,0.85874833166599,14.577999711036679,91.8940007686615,0.85874833166599,87.65789233148098,2.705359458923354,0.6720006465911723
init_vitb8_dino,88.85599970817566,86.34424805641174,,90.60800075531006,,0.50852075219154,14.73000049591064,90.60800075531006,0.50852075219154,85.8357273042202,2.511751651763916,1.7520010471343994
init_vitl16,93.01999807357788,87.06101775169373,,92.95200109481812,,0.5525431130081401,15.88000059127807,92.95200109481812,0.5525431130081401,86.50847463868558,5.958980321884155,0.0
init_vits16,95.01000046730042,93.5871720314026,,95.33399939537048,,,,95.33399939537048,,,1.422828435897813,0.32399892807006836
init_vits16_dino,95.15799880027772,94.10724639892578,,95.49400210380554,,0.96068661659955,19.24799978733062,95.49400210380554,0.96068661659955,93.14655978232624,1.050752401351943,0.3360033035278178
init_vits16_dino_extractb,94.01000142097472,90.08903503417967,,94.05999779701231,,,,94.05999779701231,,,3.920966386795044,0.049996376037597656
jigsaw_rn50,60.461997985839844,46.70647978782654,64.3779993057251,64.18600082397461,,0.84508890286087,24.244000017642968,64.18600082397461,0.84508890286087,45.861390884965665,13.755518198013306,3.7240028381347656
jigsaw_rn50_in22k,56.585997343063354,37.10133135318756,64.49000239372253,64.49400186538696,,0.84508890286087,24.244000017642968,64.49400186538696,0.84508890286087,36.25624245032669,19.484665989875793,7.908004522323608
lossyless_vitb32_b001,22.2120001912117,14.78581577539444,24.63199943304062,24.58799928426742,,1.13154649734497,20.20400017499923,24.58799928426742,1.13154649734497,13.654269278049469,7.426184415817261,2.375999093055718
lossyless_vitb32_b005,22.65399992465973,15.126442909240719,,24.86200034618377,16.7260006070137,1.13154649734497,20.20400017499923,24.86200034618377,1.13154649734497,13.994896411895748,7.52755701541901,2.2080004215240407
lossyless_vitb32_b01,23.61200004816055,16.06082618236541,25.86599886417389,25.79599916934967,,1.13154649734497,20.20400017499923,25.79599916934967,1.13154649734497,14.92927968502044,7.551173865795139,2.183999121189121
mae_vitb16,30.87800145149231,21.41516357660293,34.05399918556213,34.00000035762787,,0.99651329219341,16.43799990415573,34.00000035762787,0.99651329219341,20.41865028440952,9.46283787488938,3.121998906135559
mae_vith14,20.542000234127038,6.02848790585994,24.14200007915496,24.00799989700317,,0.0,0.0,24.00799989700317,0.0,6.02848790585994,14.513512328267097,3.4659996628761327
mae_vitl16,22.22999930381775,9.78404879570007,25.832000374794,25.652000308036797,,0.5525431130081401,15.88000059127807,25.652000308036797,0.5525431130081401,9.23150568269193,12.44595050811768,3.422001004219048
mocov1_rn50_ep200,37.64800131320953,14.483904838562008,41.51799976825714,41.38799905776977,,0.84508890286087,24.244000017642968,41.38799905776977,0.84508890286087,13.638815935701139,23.16409647464752,3.7399977445602417
mocov2_rn50_ep200,31.31600022315979,7.674097269773481,34.55600142478943,34.28399860858917,,0.84508890286087,24.244000017642968,34.28399860858917,0.84508890286087,6.8290083669126105,23.64190295338631,2.9679983854293823
mocov2_rn50_ep800,27.647998929023743,5.28650842607021,31.053999066352837,31.06600046157837,,0.84508890286087,24.244000017642968,31.06600046157837,0.84508890286087,4.44141952320934,22.361490502953533,3.4180015325546265
mocov2_rn50_vissl,31.96600079536438,9.52131897211074,35.60999929904938,35.447999835014336,,0.84508890286087,24.244000017642968,35.447999835014336,0.84508890286087,8.67623006924987,22.44468182325364,3.4819990396499563
mocov3_rn50_ep100,27.42399871349334,7.10781663656234,30.46799898147583,30.507999658584588,,0.84508890286087,24.244000017642968,30.507999658584588,0.84508890286087,6.26272773370147,20.316182076931,3.0840009450912476
mocov3_rn50_ep1000,23.27599972486496,1.42417028546333,26.385998725891106,26.260000467300408,,0.84508890286087,24.244000017642968,26.260000467300408,0.84508890286087,0.57908138260246,21.85182943940163,2.984000742435448
mocov3_rn50_ep300,24.216000735759728,2.08232030272483,27.963998913764947,27.84000039100647,,0.84508890286087,24.244000017642968,27.84000039100647,0.84508890286087,1.2372313998639597,22.133680433034897,3.6239996552467417
mocov3_vitb_ep300,21.50399982929229,11.12056449055671,23.89599978923797,23.86000007390976,,0.99651329219341,16.43799990415573,23.86000007390976,0.99651329219341,10.1240511983633,10.38343533873558,2.3560002446174693
mocov3_vits_ep300,24.08799976110458,18.67164820432663,28.029999136924737,27.937999367713928,,,,27.937999367713928,,,5.4163515567779505,3.849999606609348
msn_vitb16_ep600,19.147999584674828,9.77468192577362,23.65200072526931,23.56999963521957,,0.99651329219341,16.43799990415573,23.56999963521957,0.99651329219341,8.778168633580211,9.373317658901207,4.422000050544742
msn_vitb4_ep300,15.07800072431564,5.9253789484500805,20.00599950551986,19.905999302864068,,0.85874833166599,14.577999711036679,19.905999302864068,0.85874833166599,5.06663061678409,9.152621775865558,4.827998578548428
msn_vitl16_ep600,17.69600063562393,5.09176403284072,25.769999623298638,25.65999925136566,,0.5525431130081401,15.88000059127807,25.65999925136566,0.5525431130081401,4.53922091983258,12.604236602783208,7.963998615741733
msn_vitl7_ep200,14.98399972915649,3.0344208702445,20.04999965429306,20.09399980306625,,0.5525431130081401,15.88000059127807,20.09399980306625,0.5525431130081401,2.4818777572363597,11.949578858911991,5.1100000739097595
msn_vits16_ep800,20.60399949550628,15.53435325622558,,23.89200031757354,17.67600029706955,,,23.89200031757354,,,5.069646239280699,3.2880008220672607
mugs_vitb16_ep400,17.09399968385696,5.72360977530479,20.95199972391128,20.90799957513809,,0.99651329219341,16.43799990415573,20.90799957513809,0.99651329219341,4.72709648311138,11.37038990855217,3.813999891281128
mugs_vitb16_ep400_extractb,17.10200011730194,2.07912009209394,20.382000505924218,20.36799937486648,,0.53825927898287,16.17199927568435,20.36799937486648,0.53825927898287,1.5408608131110701,15.022880025208,3.2659992575645376
mugs_vitl16_ep250,15.979999303817749,3.66743765771389,19.19399946928024,19.11599934101104,,0.5525431130081401,15.88000059127807,19.11599934101104,0.5525431130081401,3.11489454470575,12.312561646103859,3.1360000371932912
mugs_vits16_ep100,22.76400029659271,17.65585541725158,25.87000131607055,25.830000638961792,,,,25.830000638961792,,,5.108144879341129,3.066000342369083
mugs_vits16_ep300,19.88199949264526,14.613239467144009,23.38799983263015,23.367999494075768,,,,23.367999494075768,,,5.268760025501251,3.486000001430508
mugs_vits16_ep800,19.29800063371658,14.35722261667251,22.94799983501434,23.00799936056137,,,,23.00799936056137,,,4.940778017044069,3.709998726844791
mugs_vits16_ep800_extracts,19.31599974632263,6.55472725629806,22.77799993753433,22.68999963998794,,0.96068661659955,19.24799978733062,22.68999963998794,0.96068661659955,5.59404063969851,12.761272490024568,3.37399989366531
npid_rn50,45.29800117015838,19.28585469722747,48.51399958133697,48.31799864768982,,0.84508890286087,24.244000017642968,48.31799864768982,0.84508890286087,18.4407657943666,26.012146472930908,3.01999747753144
npidpp_rn50,41.98800027370453,17.23998486995697,44.73400115966797,44.44999992847442,,0.84508890286087,24.244000017642968,44.44999992847442,0.84508890286087,16.3948959670961,24.74801540374756,2.4619996547698904
odc_rn50_440ep_mmselfsup,41.51400029659271,16.00642204284668,45.39799988269806,45.2919989824295,,0.84508890286087,24.244000017642968,45.2919989824295,0.84508890286087,15.16133313998581,25.507578253746033,3.777998685836785
pirl_rn50,32.84800052642822,9.74572375416755,,36.21799945831299,,0.84508890286087,24.244000017642968,36.21799945831299,0.84508890286087,8.90063485130668,23.102276772260673,3.3699989318847656
pirl_rn50_ep200,35.49799919128418,11.90055608749389,,40.72000086307525,,0.84508890286087,24.244000017642968,40.72000086307525,0.84508890286087,11.05546718463302,23.59744310379029,5.2220016717910696
pirl_rn50_ep200_headmlp,31.455999612808228,7.0650428533554,,34.83999967575073,,0.84508890286087,24.244000017642968,34.83999967575073,0.84508890286087,6.21995395049453,24.390956759452827,3.384000062942505
pirl_rn50_headmlp,27.33199894428253,6.21972009539604,,30.30399978160858,,0.84508890286087,24.244000017642968,30.30399978160858,0.84508890286087,5.37463119253517,21.11227884888649,2.97200083732605
pirl_rn50w2,28.2260000705719,1.01360715925693,,31.575998663902283,,0.7428383454680401,22.10199981927871,31.575998663902283,0.7428383454680401,0.27076881378888995,27.212392911314968,3.3499985933303833
pirl_rn50w2_headmlp,26.080000400543206,0.65143732354044,,29.502001404762268,,0.7428383454680401,22.10199981927871,29.502001404762268,0.7428383454680401,0.0,25.428563077002767,3.4220010042190623
relativeloc_rn50_70ep_mmselfsup,58.75200033187866,36.16507351398468,63.603997230529785,63.506001234054565,,0.84508890286087,24.244000017642968,63.506001234054565,0.84508890286087,35.31998461112381,22.586926817893982,4.754000902175903
rotnet_rn50_in1k,58.77799987792969,37.06878125667572,,58.96400213241577,39.64200019836426,0.84508890286087,24.244000017642968,58.96400213241577,0.84508890286087,36.22369235381485,21.709218621253967,0.18600225448608398
rotnet_rn50_in22k,49.35399889945984,23.47672134637832,52.61399745941162,52.424001693725586,,0.84508890286087,24.244000017642968,52.424001693725586,0.84508890286087,22.63163244351745,25.87727755308152,3.070002794265747
selav2_rn50_ep400_2x224,30.58600127696991,9.59789007902145,33.57200026512146,33.511999249458306,,0.84508890286087,24.244000017642968,33.511999249458306,0.84508890286087,8.752801176160581,20.98811119794846,2.925997972488396
simclr_resnet50_d8192_e100_m2,30.432000756263726,0.46457643620669,33.96599888801574,33.91999900341034,,0.84508890286087,24.244000017642968,33.91999900341034,0.84508890286087,0.0,29.967424320057034,3.4879982471466136
simclr_resnet50_dnone_e100_m2,32.0360004901886,12.43241503834724,35.3219985961914,35.155999660491936,,0.84508890286087,24.244000017642968,35.155999660491936,0.84508890286087,11.587326135486371,19.603585451841358,3.1199991703033376
simclr_resnet50_dnone_e100_m2_data010,37.57599890232086,11.56804710626602,41.07199907302856,40.97200036048889,,0.84508890286087,24.244000017642968,40.97200036048889,0.84508890286087,10.72295820340515,26.00795179605484,3.39600145816803
simclr_resnet50_dnone_e100_m2_data030,33.60399901866913,9.11871790885925,37.040001153945916,36.90400123596191,,0.84508890286087,24.244000017642968,36.90400123596191,0.84508890286087,8.27362900599838,24.48528110980988,3.3000022172927785
simclr_resnet50_dnone_e100_m2_headtlinslin,37.117999792099,16.76174998283386,40.09599983692169,40.03399908542633,,0.84508890286087,24.244000017642968,40.03399908542633,0.84508890286087,15.91666107997299,20.35624980926514,2.9159992933273315
simclr_resnet50_dnone_e100_m2_headtmlpslin,36.04600131511688,11.98641583323478,39.57200050354004,39.47199881076813,,0.84508890286087,24.244000017642968,39.47199881076813,0.84508890286087,11.14132693037391,24.059585481882102,3.425997495651245
simclr_resnet50_dnone_e100_m2_headtmlpsmlp,31.926000118255608,9.53263714909553,35.30200123786926,35.17999947071075,,0.84508890286087,24.244000017642968,35.17999947071075,0.84508890286087,8.68754824623466,22.39336296916008,3.253999352455139
simclr_resnet50_dnone_e100_m2_headtnonesnone,46.7739999294281,25.8642315864563,49.73399937152862,49.713999032974236,,0.84508890286087,24.244000017642968,49.713999032974236,0.84508890286087,25.01914268359543,20.9097683429718,2.9399991035461355
simclr_rn101,25.110000371932976,4.9514230340719205,28.637999296188347,28.56000065803528,,0.71114851161837,22.93999940156936,28.56000065803528,0.71114851161837,4.24027452245355,20.158577337861054,3.450000286102302
simclr_rn101_ep100,30.342000722885132,19.09399777650833,33.50000083446502,33.46199989318847,,0.71114851161837,22.93999940156936,33.46199989318847,0.71114851161837,18.382849264889963,11.2480029463768,3.1199991703033376
simclr_rn50,27.75799930095672,9.91400778293609,,32.7239990234375,12.34000027179718,0.84508890286087,24.244000017642968,32.7239990234375,0.84508890286087,9.068918880075222,17.84399151802063,4.965999722480781
simclr_rn50_bs256_ep200_mmselfsup,37.39799857139587,11.80173978209495,43.64199936389923,43.71599853038788,,0.84508890286087,24.244000017642968,43.71599853038788,0.84508890286087,10.95665087923408,25.59625878930092,6.3179999589920115
simclr_rn50_bs4096_ep100,32.68199861049652,10.96703261137008,36.15399897098541,35.99799871444702,,0.84508890286087,24.244000017642968,35.99799871444702,0.84508890286087,10.12194370850921,21.71496599912644,3.3160001039505005
simclr_rn50_ep200,30.588001012802117,9.0707927942276,34.02999937534332,33.87199938297272,,0.84508890286087,24.244000017642968,33.87199938297272,0.84508890286087,8.22570389136673,21.517208218574517,3.2839983701706004
simclr_rn50_ep400,29.20399904251098,10.30060872435569,32.74799883365631,32.635998725891106,,0.84508890286087,24.244000017642968,32.635998725891106,0.84508890286087,9.455519821494821,18.90339031815529,3.431999683380127
simclr_rn50_ep800,28.42400074005127,12.00475841760635,31.86199963092804,31.79199993610382,,0.84508890286087,24.244000017642968,31.79199993610382,0.84508890286087,11.159669514745481,16.41924232244492,3.3679991960525513
simclr_rn50w2,22.5160002708435,0.47191348858177,26.10599994659424,26.06000006198883,,0.7428383454680401,22.10199981927871,26.06000006198883,0.7428383454680401,0.0,22.04408678226173,3.543999791145332
simclr_rn50w2_ep100,27.64599919319153,0.47347457148134,30.85399866104126,30.706000328063958,,0.7428383454680401,22.10199981927871,30.706000328063958,0.7428383454680401,0.0,27.17252462171019,3.0600011348724294
simclr_rn50w4,25.27599930763244,0.46207872219382995,29.25400137901306,29.13799881935119,,0.0,0.0,29.13799881935119,0.0,0.46207872219382995,24.81392058543861,3.86199951171875
simsiam_rn50_bs256_ep100,29.63800132274627,3.64019684493541,33.04199874401092,32.86600112915039,,0.84508890286087,24.244000017642968,32.86600112915039,0.84508890286087,2.79510794207454,25.99780447781086,3.227999806404121
simsiam_rn50_bs256_ep200_mmselfsup,27.5979995727539,2.43098679929971,32.42200016975403,32.32400119304657,,0.84508890286087,24.244000017642968,32.32400119304657,0.84508890286087,1.5858978964388397,25.16701277345419,4.726001620292671
simsiam_rn50_bs512_ep100,29.789999127388,3.7103671580553,33.29600095748901,33.19000005722046,,0.84508890286087,24.244000017642968,33.19000005722046,0.84508890286087,2.86527825519443,26.079631969332702,3.4000009298324585
speccl_resnet50_bs384_ep100,35.08799970149994,11.70573383569717,38.44200074672699,38.33599984645843,,0.84508890286087,24.244000017642968,38.33599984645843,0.84508890286087,10.860644932836301,23.38226586580277,3.248000144958489
sup_convnextb,5.025999993085859,1.4057495631277501,,16.3780003786087,,1.4057495631277501,16.3780003786087,16.3780003786087,1.4057495631277501,0.0,3.6202504299581095,11.35200038552284
sup_convnexts,6.8460002541542,1.6932999715209,,17.20400005578994,,1.6932999715209,17.20400005578994,17.20400005578994,1.6932999715209,0.0,5.1527002826333,10.35799980163574
sup_rn101,10.68599969148635,0.71114851161837,22.971999645233147,22.93999940156936,,0.71114851161837,22.93999940156936,22.93999940156936,0.71114851161837,0.0,9.97485117986798,12.25399971008301
sup_rn50,13.218000531196589,0.84508890286087,24.22399967908859,24.244000017642968,,0.84508890286087,24.244000017642968,24.244000017642968,0.84508890286087,0.0,12.37291162833572,11.025999486446379
sup_rn50w2,4.98000010848045,0.7428383454680401,22.18199968338012,22.10199981927871,,0.7428383454680401,22.10199981927871,22.10199981927871,0.7428383454680401,0.0,4.23716176301241,17.12199971079826
sup_vitb16,10.356000065803519,0.99651329219341,16.43200069665908,16.43799990415573,,0.99651329219341,16.43799990415573,16.43799990415573,0.99651329219341,0.0,9.35948677361011,6.081999838352212
sup_vitb16_dino,10.79799979925155,0.53825927898287,16.11399948596954,16.17199927568435,,0.53825927898287,16.17199927568435,16.17199927568435,0.53825927898287,0.0,10.259740520268679,5.3739994764328
sup_vitb16_dino_extracts,10.35199984908104,1.54765145853161,16.038000583648678,16.04599952697754,,1.54765145853161,16.04599952697754,16.04599952697754,1.54765145853161,0.0,8.80434839054943,5.6939996778965
sup_vitb32,13.79799991846084,1.13154649734497,20.29400020837783,20.20400017499923,,1.13154649734497,20.20400017499923,20.20400017499923,1.13154649734497,0.0,12.66645342111587,6.406000256538389
sup_vitb8,9.42199975252151,0.85874833166599,14.59400057792663,14.577999711036679,,0.85874833166599,14.577999711036679,14.577999711036679,0.85874833166599,0.0,8.56325142085552,5.155999958515169
sup_vitb8_dino,9.47799980640411,0.50852075219154,14.779999852180481,14.73000049591064,,0.50852075219154,14.73000049591064,14.73000049591064,0.50852075219154,0.0,8.96947905421257,5.252000689506529
sup_vitl16,8.71400013566017,0.5525431130081401,15.904000401496878,15.88000059127807,,0.5525431130081401,15.88000059127807,15.88000059127807,0.5525431130081401,0.0,8.16145702265203,7.166000455617901
sup_vits16,13.819999992847439,7.56474360823631,19.21799927949905,19.19600069522857,,,,19.19600069522857,,,6.255256384611129,5.3760007023811305
sup_vits16_dino,13.74800056219101,0.96068661659955,19.31799948215484,19.24799978733062,,0.96068661659955,19.24799978733062,19.24799978733062,0.96068661659955,0.0,12.78731394559146,5.499999225139611
sup_vits16_dino_extractb,13.42000067234039,7.6338991522789,20.09599953889846,20.06399929523468,,,,20.06399929523468,,,5.786101520061489,6.643998622894291
swav_rn50,22.77999967336654,2.07092445343732,,26.07200145721435,3.03600002080202,0.84508890286087,24.244000017642968,26.07200145721435,0.84508890286087,1.2258355505764498,20.70907521992922,3.292001783847809
swav_rn50_ep100,27.233999967575066,3.8291651755571303,29.093998670577996,29.039999842643738,,0.84508890286087,24.244000017642968,29.039999842643738,0.84508890286087,2.98407627269626,23.404834792017937,1.8059998750686717
swav_rn50_ep200,24.49000030755996,2.47454084455966,27.75000035762787,27.55999863147735,,0.84508890286087,24.244000017642968,27.55999863147735,0.84508890286087,1.62945194169879,22.0154594630003,3.069998323917389
swav_rn50_ep200_bs256,26.001998782157898,7.94619247317314,28.703999519348137,28.589999675750732,,0.84508890286087,24.244000017642968,28.589999675750732,0.84508890286087,7.10110357031227,18.055806308984756,2.5880008935928345
swav_rn50_ep400,23.50199967622757,1.9745279103517501,26.651999354362488,26.6319990158081,,0.84508890286087,24.244000017642968,26.6319990158081,0.84508890286087,1.12943900749088,21.52747176587582,3.129999339580529
swav_rn50_ep400_2x224,27.44399905204773,4.95587214827537,30.790001153945916,30.748000741004937,,0.84508890286087,24.244000017642968,30.748000741004937,0.84508890286087,4.1107832454145,22.48812690377236,3.3040016889572073
swav_rn50_ep400_bs256,23.83999973535537,3.6117073148489,27.01599895954132,26.81599855422973,,0.84508890286087,24.244000017642968,26.81599855422973,0.84508890286087,2.7666184119880297,20.22829242050647,2.975998818874359
swav_rn50w2,20.9439992904663,0.24828924797475,24.216000735759728,23.98000061511993,,0.7428383454680401,22.10199981927871,23.98000061511993,0.7428383454680401,0.0,20.69571004249155,3.036001324653629
swav_rn50w4,20.09200006723404,0.24438656400889003,23.78199994564056,23.75999987125396,,0.0,0.0,23.75999987125396,0.0,0.24438656400889003,19.847613503225148,3.667999804019921
vicreg_rn50,24.65800046920776,2.82258279621601,27.68000066280365,27.59999930858612,,0.84508890286087,24.244000017642968,27.59999930858612,0.84508890286087,1.97749389335514,21.83541767299175,2.9419988393783605
vicreg_rn50w2,22.35199958086013,0.2557824132964,25.391998887062073,25.325998663902283,,0.7428383454680401,22.10199981927871,25.325998663902283,0.7428383454680401,0.0,22.09621716756373,2.973999083042152
vicregl_convnextb_alpha075,21.615999937057488,9.7695305943489,,24.49399977922439,,1.4057495631277501,16.3780003786087,24.49399977922439,1.4057495631277501,8.36378103122115,11.846469342708588,2.8779998421669006
vicregl_convnextb_alpha09,22.04599976539611,9.45520773530006,,25.242000818252556,,1.4057495631277501,16.3780003786087,25.242000818252556,1.4057495631277501,8.04945817217231,12.59079203009605,3.1960010528564453
vicregl_convnexts_alpha075,22.06400036811828,12.63348162174224,,25.112000107765198,,1.6932999715209,17.20400005578994,25.112000107765198,1.6932999715209,10.940181650221339,9.43051874637604,3.0479997396469187
vicregl_convnexts_alpha09,22.02599942684173,12.61560767889022,,25.167998671531677,,1.6932999715209,17.20400005578994,25.167998671531677,1.6932999715209,10.922307707369319,9.41039174795151,3.1419992446899485
vicregl_convnextxl_alpha075,18.67599934339523,1.41956517472863,,21.11999988555908,,0.0,0.0,21.11999988555908,0.0,1.41956517472863,17.2564341686666,2.444000542163849
vicregl_rn50_alpha075,27.281999588012688,2.3061005398631,,30.68999946117401,,0.84508890286087,24.244000017642968,30.68999946117401,0.84508890286087,1.4610116370022297,24.97589904814959,3.407999873161323
vicregl_rn50_alpha09,26.785999536514282,1.9818650558590798,,29.712000489234917,,0.84508890286087,24.244000017642968,29.712000489234917,0.84508890286087,1.1367761529982099,24.804134480655204,2.926000952720635
